[{"name":"Afghanistan","code": "af"},
  {"name":"Albania","code": "al"},
  {"name":"Algeria","code": "dz"},
  {"name":"AmericanSamoa","code": "as"},
  {"name":"Andorra","code": "ad"},
  {"name":"Angola","code": "ao"},
  {"name":"Anguilla","code": "ai"},
  {"name":"AntiguaAndBarbuda","code": "ag"},
  {"name":"Argentina","code": "ar"},
  {"name":"Armenia","code": "am"},
  {"name":"Aruba","code": "aw"},
  {"name":"Australia","code": "au"},
  {"name":"Austria","code": "at"},
  {"name":"Azerbaijan","code": "az"},
  {"name":"Bahamas","code": "bs"},
  {"name":"Bahrain","code": "bh"},
  {"name":"Bangladesh","code": "bd"},
  {"name":"Barbados","code": "bb"},
  {"name":"Belarus","code": "by"},
  {"name":"Belgium","code": "be"},
  {"name":"Belize","code": "bz"},
  {"name":"Benin","code": "bj"},
  {"name":"Bermuda","code": "bm"},
  {"name":"Bhutan","code": "bt"},
  {"name":"Bolivia","code": "bo"},
  {"name":"BosniaAndHerzegovina","code": "ba"},
  {"name":"Botswana","code": "bw"},
  {"name":"Brazil","code": "br"},
  {"name":"BritishIndianOceanTerritory","code": "io"},
  {"name":"BritishVirginIslands","code": "vg"},
  {"name":"Brunei","code": "bn"},
  {"name":"Bulgaria","code": "bg"},
  {"name":"BurkinaFaso","code": "bf"},
  {"name":"Burundi","code": "bi"},
  {"name":"Cambodia","code": "kh"},
  {"name":"Cameroon","code": "cm"},
  {"name":"Canada","code": "ca"},
  {"name":"CapeVerde","code": "cv"},
  {"name":"CaribbeanNetherlands","code": "bq"},
  {"name":"CaymanIslands","code": "ky"},
  {"name":"CentralAfricanRepublic","code": "cf"},
  {"name":"Chad","code": "td"},
  {"name":"Chile","code": "cl"},
  {"name":"China","code": "cn"},
  {"name":"ChristmasIsland","code": "cx"},
  {"name":"Cocos","code": "cc"},
  {"name":"Colombia","code": "co"},
  {"name":"Comoros","code": "km"},
  {"name":"CongoDRCJamhuriYaKidemokrasiaYaKongo","code": "cd"},
  {"name":"CongoRepublicCongoBrazzaville","code": "cg"},
  {"name":"CookIslands","code": "ck"},
  {"name":"CostaRica","code": "cr"},
  {"name":"CôteDIvoire","code": "ci"},
  {"name":"Croatia","code": "hr"},
  {"name":"Cuba","code": "cu"},
  {"name":"Curaçao","code": "cw"},
  {"name":"Cyprus","code": "cy"},
  {"name":"CzechRepublic","code": "cz"},
  {"name":"Denmark","code": "dk"},
  {"name":"Djibouti","code": "dj"},
  {"name":"Dominica","code": "dm"},
  {"name":"DominicanRepublic","code": "do"},
  {"name":"Ecuador","code": "ec"},
  {"name":"Egypt","code": "eg"},
  {"name":"ElSalvador","code": "sv"},
  {"name":"EquatorialGuinea","code": "gq"},
  {"name":"Eritrea","code": "er"},
  {"name":"Estonia","code": "ee"},
  {"name":"Ethiopia","code": "et"},
  {"name":"FalklandIslands","code": "fk"},
  {"name":"FaroeIslands","code": "fo"},
  {"name":"Fiji","code": "fj"},
  {"name":"Finland","code": "fi"},
  {"name":"France","code": "fr"},
  {"name":"FrenchGuiana","code": "gf"},
  {"name":"FrenchPolynesia","code": "pf"},
  {"name":"Gabon","code": "ga"},
  {"name":"Gambia","code": "gm"},
  {"name":"Georgia","code": "ge"},
  {"name":"Germany","code": "de"},
  {"name":"Ghana","code": "gh"},
  {"name":"Gibraltar","code": "gi"},
  {"name":"Greece","code": "gr"},
  {"name":"Greenland","code": "gl"},
  {"name":"Grenada","code": "gd"},
  {"name":"Guadeloupe","code": "gp"},
  {"name":"Guam","code": "gu"},
  {"name":"Guatemala","code": "gt"},
  {"name":"Guernsey","code": "gg"},
  {"name":"Guinea","code": "gn"},
  {"name":"GuineaBissau","code": "gw"},
  {"name":"Guyana","code": "gy"},
  {"name":"Haiti","code": "ht"},
  {"name":"Honduras","code": "hn"},
  {"name":"HongKong","code": "hk"},
  {"name":"Hungary","code": "hu"},
  {"name":"Iceland","code": "is"},
  {"name":"India","code": "in"},
  {"name":"Indonesia","code": "id"},
  {"name":"Iran","code": "ir"},
  {"name":"Iraq","code": "iq"},
  {"name":"Ireland","code": "ie"},
  {"name":"IsleOfMan","code": "im"},
  {"name":"Israel","code": "il"},
  {"name":"Italy","code": "it"},
  {"name":"Jamaica","code": "jm"},
  {"name":"Japan","code": "jp"},
  {"name":"Jersey","code": "je"},
  {"name":"Jordan","code": "jo"},
  {"name":"Kazakhstan","code": "kz"},
  {"name":"Kenya","code": "ke"},
  {"name":"Kiribati","code": "ki"},
  {"name":"Kosovo","code": "xk"},
  {"name":"Kuwait","code": "kw"},
  {"name":"Kyrgyzstan","code": "kg"},
  {"name":"Laos","code": "la"},
  {"name":"Latvia","code": "lv"},
  {"name":"Lebanon","code": "lb"},
  {"name":"Lesotho","code": "ls"},
  {"name":"Liberia","code": "lr"},
  {"name":"Libya","code": "ly"},
  {"name":"Liechtenstein","code": "li"},
  {"name":"Lithuania","code": "lt"},
  {"name":"Luxembourg","code": "lu"},
  {"name":"Macau","code": "mo"},
  {"name":"Macedonia","code": "mk"},
  {"name":"Madagascar","code": "mg"},
  {"name":"Malawi","code": "mw"},
  {"name":"Malaysia","code": "my"},
  {"name":"Maldives","code": "mv"},
  {"name":"Mali","code": "ml"},
  {"name":"Malta","code": "mt"},
  {"name":"MarshallIslands","code": "mh"},
  {"name":"Martinique","code": "mq"},
  {"name":"Mauritania","code": "mr"},
  {"name":"Mauritius","code": "mu"},
  {"name":"Mayotte","code": "yt"},
  {"name":"Mexico","code": "mx"},
  {"name":"Micronesia","code": "fm"},
  {"name":"Moldova","code": "md"},
  {"name":"Monaco","code": "mc"},
  {"name":"Mongolia","code": "mn"},
  {"name":"Montenegro","code": "me"},
  {"name":"Montserrat","code": "ms"},
  {"name":"Morocco","code": "ma"},
  {"name":"Mozambique","code": "mz"},
  {"name":"Myanmar","code": "mm"},
  {"name":"Namibia","code": "na"},
  {"name":"Nauru","code": "nr"},
  {"name":"Nepal","code": "np"},
  {"name":"Netherlands","code": "nl"},
  {"name":"NewCaledonia","code": "nc"},
  {"name":"NewZealand","code": "nz"},
  {"name":"Nicaragua","code": "ni"},
  {"name":"Niger","code": "ne"},
  {"name":"Nigeria","code": "ng"},
  {"name":"Niue","code": "nu"},
  {"name":"NorfolkIsland","code": "nf"},
  {"name":"NorthKorea","code": "kp"},
  {"name":"NorthernMarianaIslands","code": "mp"},
  {"name":"Norway","code": "no"},
  {"name":"Oman","code": "om"},
  {"name":"Pakistan","code": "pk"},
  {"name":"Palau","code": "pw"},
  {"name":"Palestine","code": "ps"},
  {"name":"Panama","code": "pa"},
  {"name":"PapuaNewGuinea","code": "pg"},
  {"name":"Paraguay","code": "py"},
  {"name":"Peru","code": "pe"},
  {"name":"Philippines","code": "ph"},
  {"name":"Poland","code": "pl"},
  {"name":"Portugal","code": "pt"},
  {"name":"PuertoRico","code": "pr"},
  {"name":"Qatar","code": "qa"},
  {"name":"Réunion","code": "re"},
  {"name":"Romania","code": "ro"},
  {"name":"Russia","code": "ru"},
  {"name":"Rwanda","code": "rw"},
  {"name":"SaintBarthélemy","code": "bl"},
  {"name":"SaintHelena","code": "sh"},
  {"name":"SaintKittsAndNevis","code": "kn"},
  {"name":"SaintLucia","code": "lc"},
  {"name":"SaintMartin","code": "mf"},
  {"name":"SaintPierreAndMiquelon","code": "pm"},
  {"name":"SaintVincentAndTheGrenadines","code": "vc"},
  {"name":"Samoa","code": "ws"},
  {"name":"SanMarino","code": "sm"},
  {"name":"SãoToméAndPríncipe","code": "st"},
  {"name":"SaudiArabia","code": "sa"},
  {"name":"Senegal","code": "sn"},
  {"name":"Serbia","code": "rs"},
  {"name":"Seychelles","code": "sc"},
  {"name":"SierraLeone","code": "sl"},
  {"name":"Singapore","code": "sg"},
  {"name":"SintMaarten","code": "sx"},
  {"name":"Slovakia","code": "sk"},
  {"name":"Slovenia","code": "si"},
  {"name":"SolomonIslands","code": "sb"},
  {"name":"Somalia","code": "so"},
  {"name":"SouthAfrica","code": "za"},
  {"name":"SouthKorea","code": "kr"},
  {"name":"SouthSudan","code": "ss"},
  {"name":"Spain","code": "es"},
  {"name":"SriLanka","code": "lk"},
  {"name":"Sudan","code": "sd"},
  {"name":"Suriname","code": "sr"},
  {"name":"SvalbardAndJanMayen","code": "sj"},
  {"name":"Swaziland","code": "sz"},
  {"name":"Sweden","code": "se"},
  {"name":"Switzerland","code": "ch"},
  {"name":"Syria","code": "sy"},
  {"name":"Taiwan","code": "tw"},
  {"name":"Tajikistan","code": "tj"},
  {"name":"Tanzania","code": "tz"},
  {"name":"Thailand","code": "th"},
  {"name":"TimorLeste","code": "tl"},
  {"name":"Togo","code": "tg"},
  {"name":"Tokelau","code": "tk"},
  {"name":"Tonga","code": "to"},
  {"name":"TrinidadAndTobago","code": "tt"},
  {"name":"Tunisia","code": "tn"},
  {"name":"Turkey","code": "tr"},
  {"name":"Turkmenistan","code": "tm"},
  {"name":"TurksAndCaicosIslands","code": "tc"},
  {"name":"Tuvalu","code": "tv"},
  {"name":"USVirginIslands","code": "vi"},
  {"name":"Uganda","code": "ug"},
  {"name":"Ukraine","code": "ua"},
  {"name":"UnitedArabEmirates","code": "ae"},
  {"name":"UnitedKingdom","code": "gb"},
  {"name":"UnitedStates","code": "us"},
  {"name":"Uruguay","code": "uy"},
  {"name":"Uzbekistan","code": "uz"},
  {"name":"Vanuatu","code": "vu"},
  {"name":"VaticanCity","code": "va"},
  {"name":"Venezuela","code": "ve"},
  {"name":"Vietnam","code": "vn"},
  {"name":"WallisAndFutuna","code": "wf"},
  {"name":"WesternSahara","code": "eh"},
  {"name":"Yemen","code": "ye"},
  {"name":"Zambia","code": "zm"},
  {"name":"Zimbabwe","code": "zw"},
  {"name":"ÅlandIslands","code": "ax"}
]